model,comparison,esh_base,esh_comp,delta,z,p,p_adj
google/gemma-3-4b-it,neg vs baseline,0.0,0.0852,0.0852,4.805027914565701,1.5472991567490781e-06,1.8567589880988938e-05
google/gemma-3-4b-it,neu vs baseline,0.0,0.0296,0.0296,2.7576500470081093,0.005821848743084993,0.05239663868776494
google/gemma-3-4b-it,pos vs baseline,0.0,0.0072,0.0072,1.3460532840980104,0.17828533302881855,0.6125469864469523
meta-llama/Llama-3.2-3B-Instruct,neg vs baseline,0.072,0.1648,0.09280000000000001,3.8519098253107615,0.00011720018386682147,0.0012892020225350363
meta-llama/Llama-3.2-3B-Instruct,neu vs baseline,0.072,0.1184,0.04640000000000001,2.1994843193012974,0.02784350291287717,0.22274802330301735
meta-llama/Llama-3.2-3B-Instruct,pos vs baseline,0.072,0.1104,0.038400000000000004,1.8734829001689042,0.06100173187296152,0.36601039123776913
openai/gpt-4.1-batch-retrieve,neg vs baseline,0.016,0.0428,0.026799999999999997,2.05286298997906,0.04008586733420359,0.28060107133942513
openai/gpt-4.1-batch-retrieve,neu vs baseline,0.016,0.0324,0.016399999999999998,1.4285391075852463,0.15313674661173807,0.6125469864469523
openai/gpt-4.1-batch-retrieve,pos vs baseline,0.016,0.0356,0.0196,1.6346514929790292,0.1021221265036208,0.510610632518104
Qwen/Qwen3-4B,neg vs baseline,0.044,0.0612,0.0172,1.0949609176074946,0.273533758916774,0.6125469864469523
Qwen/Qwen3-4B,neu vs baseline,0.044,0.0436,-0.0003999999999999976,-0.02951874230080841,0.9764508712598692,0.9764508712598692
Qwen/Qwen3-4B,pos vs baseline,0.044,0.014,-0.03,-3.5265118768400896,0.0004210722789821474,0.004210722789821474
