model,foundation,H,p,p_adj
google/gemma-3-4b-it,Care/Harm,1.3771089050302305,0.7109091938530803,1.0
google/gemma-3-4b-it,Fairness/Cheating,1.4131338050432978,0.7024590028065696,1.0
google/gemma-3-4b-it,Loyalty/Betrayal,2.5781305213089856,0.46133645476029306,1.0
google/gemma-3-4b-it,Authority/Subversion,2.871779244892025,0.4118196713977915,1.0
google/gemma-3-4b-it,Purity/Degradation,0.4718378366981756,0.9250334942183094,1.0
meta-llama/Llama-3.2-3B-Instruct,Care/Harm,3.6767194460992636,0.29855503710890263,1.0
meta-llama/Llama-3.2-3B-Instruct,Fairness/Cheating,6.838745425559664,0.07721902600088515,1.0
meta-llama/Llama-3.2-3B-Instruct,Loyalty/Betrayal,2.5056129445865607,0.47427755256617643,1.0
meta-llama/Llama-3.2-3B-Instruct,Authority/Subversion,0.4514540879161848,0.9294196940387753,1.0
meta-llama/Llama-3.2-3B-Instruct,Purity/Degradation,0.3303871994770083,0.9542157307431933,1.0
openai/gpt-4.1-batch-retrieve,Care/Harm,2.8837474915389136,0.4098984833307403,1.0
openai/gpt-4.1-batch-retrieve,Fairness/Cheating,1.9527989358739695,0.5822610282410601,1.0
openai/gpt-4.1-batch-retrieve,Loyalty/Betrayal,2.814112398214509,0.4211820310249379,1.0
openai/gpt-4.1-batch-retrieve,Authority/Subversion,1.763795680968601,0.6228449097936666,1.0
openai/gpt-4.1-batch-retrieve,Purity/Degradation,6.033460114385856,0.10999361732944335,1.0
Qwen/Qwen3-4B,Care/Harm,2.7483711904681662,0.4320696045157333,1.0
Qwen/Qwen3-4B,Fairness/Cheating,1.5895212900410212,0.6617681241416642,1.0
Qwen/Qwen3-4B,Loyalty/Betrayal,0.5720131470185477,0.9028083511196585,1.0
Qwen/Qwen3-4B,Authority/Subversion,1.0520119331935047,0.7886693568442941,1.0
Qwen/Qwen3-4B,Purity/Degradation,1.7020611921432898,0.6364756426934539,1.0
