model,foundation,H,p,p_adj
google/gemma-3-4b-it,Care/Harm,115.62069205461711,6.767873127711234e-25,1.218217162988022e-23
google/gemma-3-4b-it,Fairness/Cheating,119.14121708292728,1.1813671518139102e-25,2.2445975884464294e-24
google/gemma-3-4b-it,Loyalty/Betrayal,44.4114130861437,1.2340697328413889e-09,1.9745115725462222e-08
google/gemma-3-4b-it,Authority/Subversion,144.24626682862865,4.589798052488018e-31,9.179596104976035e-30
google/gemma-3-4b-it,Purity/Degradation,98.69366419394662,2.96731219087671e-21,5.044430724490407e-20
meta-llama/Llama-3.2-3B-Instruct,Care/Harm,3.8503580696943827,0.27808272896016967,1.0
meta-llama/Llama-3.2-3B-Instruct,Fairness/Cheating,2.002900334000971,0.5718049475702303,1.0
meta-llama/Llama-3.2-3B-Instruct,Loyalty/Betrayal,3.0563121691090167,0.38302417488163965,1.0
meta-llama/Llama-3.2-3B-Instruct,Authority/Subversion,0.444187438234614,0.9309704781405667,1.0
meta-llama/Llama-3.2-3B-Instruct,Purity/Degradation,0.46489292987459857,0.926533741763376,1.0
openai/gpt-4.1-batch-retrieve,Care/Harm,3.070592779274303,0.3808687029460985,1.0
openai/gpt-4.1-batch-retrieve,Fairness/Cheating,3.0696739550341188,0.38100707555895413,1.0
openai/gpt-4.1-batch-retrieve,Loyalty/Betrayal,2.932334652369438,0.4021759314926917,1.0
openai/gpt-4.1-batch-retrieve,Authority/Subversion,2.0967282053513023,0.55257495322603,1.0
openai/gpt-4.1-batch-retrieve,Purity/Degradation,6.415457634892607,0.09305694221475068,1.0
Qwen/Qwen3-4B,Care/Harm,8.00325598614501,0.045944462177545865,0.689166932663188
Qwen/Qwen3-4B,Fairness/Cheating,0.6097906784864043,0.8941874090646171,1.0
Qwen/Qwen3-4B,Loyalty/Betrayal,0.415993056752176,0.9369192450154157,1.0
Qwen/Qwen3-4B,Authority/Subversion,4.4388333811809755,0.21781153166523373,1.0
Qwen/Qwen3-4B,Purity/Degradation,2.2844291633638707,0.5155104272890971,1.0
