model,comparison,baseline,comp,delta,z,p,p_adj
google/gemma-3-4b-it,neg vs baseline,0.836,0.694,-0.14200000000000002,-4.703044074758007,2.5631106195725e-06,1.79417743370075e-05
google/gemma-3-4b-it,neu vs baseline,0.836,0.792,-0.04399999999999993,-1.6460943363591005,0.09974433831112388,0.4987216915556194
google/gemma-3-4b-it,pos vs baseline,0.836,0.894,0.05800000000000005,2.7805008688686983,0.005427511446736036,0.03256506868041621
meta-llama/Llama-3.2-3B-Instruct,neg vs baseline,0.2,0.4324,0.2324,7.12012720253103,1.0782750225262585e-12,1.0782750225262585e-11
meta-llama/Llama-3.2-3B-Instruct,neu vs baseline,0.2,0.3552,0.1552,4.935345451068133,8.00090161400754e-07,6.400721291206032e-06
meta-llama/Llama-3.2-3B-Instruct,pos vs baseline,0.2,0.3924,0.19240000000000002,5.991618489667037,2.077628650588634e-09,1.8698657855297707e-08
openai/gpt-4.1-batch-retrieve,neg vs baseline,0.884,0.8665,-0.01749999999999996,-0.77180248879965,0.44023141746489636,1.0
openai/gpt-4.1-batch-retrieve,neu vs baseline,0.884,0.8756,-0.008399999999999963,-0.38471370854138,0.700449537539555,1.0
openai/gpt-4.1-batch-retrieve,pos vs baseline,0.884,0.882,-0.0020000000000000018,-0.09352300395156339,0.9254880752724826,1.0
openai/gpt-4.1,neg vs baseline,,0.806,,,,
Qwen/Qwen3-4B,neg vs baseline,0.476,0.8024,0.3264,11.741863565891062,7.775400670768824e-32,1.0108020871999471e-30
Qwen/Qwen3-4B,neu vs baseline,0.476,0.7388,0.26280000000000003,8.775703234188807,1.6983916565378326e-18,1.868230822191616e-17
Qwen/Qwen3-4B,pos vs baseline,0.476,0.7548,0.27880000000000005,9.461221126911687,3.043676738745219e-21,3.652412086494263e-20
