model,comparison,baseline,comp,delta,z,p,p_adj
google/gemma-3-4b-it,neg vs baseline,0.836,0.7432,-0.0928,-3.23797686657331,0.001203805703109021,0.007222834218654125
google/gemma-3-4b-it,neu vs baseline,0.836,0.792,-0.04399999999999993,-1.6460943363591005,0.09974433831112388,0.3989773532444955
google/gemma-3-4b-it,pos vs baseline,0.836,0.894,0.05800000000000005,2.7805008688686983,0.005427511446736036,0.02713755723368018
meta-llama/Llama-3.2-3B-Instruct,neg vs baseline,0.2,0.4556,0.2556,7.7781233513013035,7.360828097960128e-15,6.624745288164115e-14
meta-llama/Llama-3.2-3B-Instruct,neu vs baseline,0.2,0.3552,0.1552,4.935345451068133,8.00090161400754e-07,5.600631129805278e-06
meta-llama/Llama-3.2-3B-Instruct,pos vs baseline,0.2,0.3924,0.19240000000000002,5.991618489667037,2.077628650588634e-09,1.6621029204709073e-08
openai/gpt-4.1-batch-retrieve,neg vs baseline,0.884,0.8672,-0.016800000000000037,-0.7499873901603253,0.45326229937912776,1.0
openai/gpt-4.1-batch-retrieve,neu vs baseline,0.884,0.8756,-0.008399999999999963,-0.38471370854138,0.700449537539555,1.0
openai/gpt-4.1-batch-retrieve,pos vs baseline,0.884,0.882,-0.0020000000000000018,-0.09352300395156339,0.9254880752724826,1.0
Qwen/Qwen3-4B,neg vs baseline,0.476,0.8004,0.3244,11.63721333489495,2.6658390258119018e-31,3.199006830974282e-30
Qwen/Qwen3-4B,neu vs baseline,0.476,0.7388,0.26280000000000003,8.775703234188807,1.6983916565378326e-18,1.6983916565378326e-17
Qwen/Qwen3-4B,pos vs baseline,0.476,0.7548,0.27880000000000005,9.461221126911687,3.043676738745219e-21,3.348044412619741e-20
