model,chi2,dof,p,p_adj
google/gemma-3-4b-it,321.5740591316529,12,1.3702049286152295e-61,5.480819714460918e-61
meta-llama/Llama-3.2-3B-Instruct,206.873053311126,9,1.198401399130654e-39,2.396802798261308e-39
openai/gpt-4.1-batch-retrieve,10.462759783164994,9,0.31433613695761436,0.31433613695761436
Qwen/Qwen3-4B,268.4907899243613,6,4.5625166982997465e-55,1.368755009489924e-54
