model,chi2,dof,p,p_adj
google/gemma-3-4b-it,424.1483627593044,12,2.890165579568069e-83,1.4450827897840345e-82
meta-llama/Llama-3.2-3B-Instruct,158.63471369782036,9,1.426909423693555e-29,4.2807282710806645e-29
openai/gpt-4.1-batch-retrieve,11.913579430399189,9,0.2182252562653914,0.4364505125307828
openai/gpt-4.1,0.0,0,1.0,1.0
Qwen/Qwen3-4B,301.78406578848603,6,3.392200924835259e-62,1.3568803699341036e-61
