model,comparison,baseline,comp,delta,z,p,p_adj
google/gemma-3-4b-it,neg vs baseline,0.164,0.168,0.0040000000000000036,0.16143324916101243,0.8717521810498795,1.0
google/gemma-3-4b-it,neu vs baseline,0.164,0.1744,0.010399999999999993,0.41407669424443116,0.6788179402801653,1.0
google/gemma-3-4b-it,pos vs baseline,0.164,0.0984,-0.0656,-3.234722584003812,0.0012176097275703335,0.007305658365422001
meta-llama/Llama-3.2-3B-Instruct,neg vs baseline,0.724,0.3652,-0.35879999999999995,-11.051467802288036,2.156596394758461e-28,2.372256034234307e-27
meta-llama/Llama-3.2-3B-Instruct,neu vs baseline,0.724,0.5192,-0.20479999999999998,-6.19269150318299,5.914542120857056e-10,4.14017948459994e-09
meta-llama/Llama-3.2-3B-Instruct,pos vs baseline,0.724,0.4876,-0.2364,-7.128906614889097,1.0116934103070338e-12,8.09354728245627e-12
openai/gpt-4.1-batch-retrieve,neg vs baseline,0.068,0.056,-0.012000000000000004,-0.7797161272621294,0.4355579840183714,1.0
openai/gpt-4.1-batch-retrieve,neu vs baseline,0.068,0.0576,-0.010400000000000006,-0.6678220150305259,0.5042472119964472,1.0
openai/gpt-4.1-batch-retrieve,pos vs baseline,0.068,0.0552,-0.012800000000000006,-0.8367231694256555,0.40274819247802884,1.0
Qwen/Qwen3-4B,neg vs baseline,0.48,0.1348,-0.34519999999999995,-13.98031687755642,2.0557068821628622e-44,2.4668482585954348e-43
Qwen/Qwen3-4B,neu vs baseline,0.48,0.2172,-0.2628,-9.262190897601975,2.002797174086349e-20,2.002797174086349e-19
Qwen/Qwen3-4B,pos vs baseline,0.48,0.2308,-0.24919999999999998,-8.636614396207632,5.790341580661225e-18,5.211307422595103e-17
