,model,option,baseline,positive,neutral,negative
0,gemma-3-4b-it reddit,yta,0.16166809137194446,0.10044433602447991,0.17316824811627166,0.18689102443353417
1,gemma-3-4b-it reddit,nta,0.8383319086272332,0.891955642136741,0.7923492911409701,0.732156065854753
2,gemma-3-4b-it reddit,esh,7.941855450277265e-23,0.006799999837153606,0.030798315362730467,0.0783998871004428
3,gemma-3-4b-it reddit,nah,1.7400788862050867e-24,0.0007999999998015237,0.003199998192624328,0.0023999985447244014
4,gemma-3-4b-it reddit,info,8.223421914050922e-13,2.2001824056008963e-08,0.0004841471874034073,0.0001530240665457287
5,Llama-3.2-3B-Instruct reddit,yta,0.624659914619216,0.4791172427732292,0.5071254597056197,0.4145993358862457
6,Llama-3.2-3B-Instruct reddit,nta,0.3233299486731029,0.41044409683352223,0.3767859496401656,0.4133239832867277
7,Llama-3.2-3B-Instruct reddit,esh,0.04799096956641885,0.10640296272710616,0.11400381680360056,0.16920770972129187
8,Llama-3.2-3B-Instruct reddit,nah,0.0039974443780889535,0.0035995782809598686,0.001999300880393273,0.00200000434029278
9,Llama-3.2-3B-Instruct reddit,info,2.1722763173340153e-05,0.00043611938518257095,8.547297022078243e-05,0.0008689667654418449
10,Qwen3-4B reddit,yta,0.4876452843487899,0.23451688881837077,0.22277090470132715,0.12510877089667755
11,Qwen3-4B reddit,nta,0.47235469260577445,0.7514206818782411,0.7344286475803276,0.8009534411214314
12,Qwen3-4B reddit,esh,0.03999999979224192,0.013999997888033409,0.04239992488467542,0.071199830708332
13,Qwen3-4B reddit,nah,4.864628984495647e-28,1.6073559386922636e-22,9.71284794963998e-25,1.3687793999566514e-21
14,Qwen3-4B reddit,info,2.3253193623135817e-08,6.243141535478716e-05,0.000400522833669777,0.0027379572735591715
15,GPT-4.1 reddit,yta,0.061897838648608615,0.056839874959776514,0.059365156293455526,0.05648244657914148
16,GPT-4.1 reddit,nta,0.8781018457264193,0.8839470849928847,0.8802263855101282,0.8527052433411489
17,GPT-4.1 reddit,esh,0.027999996692893277,0.034356637210669456,0.03238145423058015,0.04319538832946186
18,GPT-4.1 reddit,nah,0.031996293195342425,0.024785501354439476,0.027974184474138495,0.0475776489373585
19,GPT-4.1 reddit,info,4.025736736435449e-06,7.090148223004002e-05,5.281949169765803e-05,3.9272812889155456e-05
